"ar","ma","garch_alpha","garch_beta","Akaike","Bayes","Shibata","Hannan-Quinn"
1,1,1,1,-13.5566518796131,-13.5442879538928,-13.5566604290776,-13.5521967768428
2,1,1,1,-13.5521733503499,-13.5377487703429,-13.5521849817883,-13.5469757304512
3,1,1,1,-13.5508432347052,-13.5343580004115,-13.55085841983,-13.5449030976781
4,1,1,1,-13.553198842787,-13.5346529542067,-13.5532180526634,-13.5465161886316
5,1,1,1,-13.5515805636918,-13.5309740208248,-13.5516042687389,-13.544155392408
1,2,1,1,-13.5498652397281,-13.5354406597211,-13.5498768711665,-13.5446676198294
2,2,1,1,-13.5498017045809,-13.5333164702872,-13.5498168897057,-13.5438615675538
3,2,1,1,-13.5458911632576,-13.5273452746772,-13.5459103731339,-13.5392085091022
4,2,1,1,-13.5494695669397,-13.5288630240726,-13.5494932719867,-13.5420443956558
5,2,1,1,-13.5490485388885,-13.5263813417347,-13.5490772088808,-13.5408808504762
1,3,1,1,-13.5505558540422,-13.5340706197485,-13.5505710391669,-13.5446157170151
2,3,1,1,-13.5489565418651,-13.5304106532848,-13.5489757517414,-13.5422738877097
3,3,1,1,-13.5498932892028,-13.5292867463357,-13.5499169942498,-13.5424681179189
4,3,1,1,-13.5499020069509,-13.5272348097971,-13.5499306769432,-13.5417343185387
5,3,1,1,-13.5439716962643,-13.5192438448238,-13.5440058003332,-13.5350614907237
1,4,1,1,-13.5484296340952,-13.5298837455148,-13.5484488439715,-13.5417469799398
2,4,1,1,-13.5494988897824,-13.5288923469153,-13.5495225948294,-13.5420737184985
3,4,1,1,-13.5496907753644,-13.5270235782106,-13.5497194453568,-13.5415230869522
4,4,1,1,-13.5468408070379,-13.5221129555974,-13.5468749111068,-13.5379306014973
5,4,1,1,-13.5432567468337,-13.5164682411065,-13.5432967534685,-13.5336040241647
1,5,1,1,-13.5476253455163,-13.5270188026492,-13.5476490505633,-13.5402001742325
2,5,1,1,-13.5496841356101,-13.5270169384563,-13.5497128056024,-13.5415164471979
3,5,1,1,-13.5485657556246,-13.5238379041841,-13.5485998596936,-13.539655550084
4,5,1,1,-13.5433210305578,-13.5165325248306,-13.5433610371927,-13.5336683078889
5,5,1,1,-13.5284782357597,-13.4996290757458,-13.5285246128091,-13.5180829959624
1,1,2,1,-13.531197112447,-13.51677253244,-13.5312087438854,-13.5259994925483
2,1,2,1,-13.531145684574,-13.5146604502803,-13.5311608696988,-13.5252055475469
3,1,2,1,-13.5312766953023,-13.512730806722,-13.5312959051786,-13.5245940411469
4,1,2,1,-13.5321088196303,-13.5115022767632,-13.5321325246773,-13.5246836483464
5,1,2,1,-13.5291833126441,-13.5065161154903,-13.5292119826365,-13.5210156242319
1,2,2,1,-13.5293179504261,-13.5128327161324,-13.5293331355509,-13.523377813399
2,2,2,1,-13.5275475242381,-13.5090016356577,-13.5275667341144,-13.5208648700826
3,2,2,1,-13.5294468813463,-13.5088403384792,-13.5294705863933,-13.5220217100625
4,2,2,1,-13.5300679133712,-13.5074007162174,-13.5300965833636,-13.521900224959
5,2,2,1,-13.5263127720825,-13.501584920642,-13.5263468761514,-13.5174025665419
1,3,2,1,-13.5189201847227,-13.5003742961423,-13.518939394599,-13.5122375305673
2,3,2,1,-13.5296135172613,-13.5090069743943,-13.5296372223084,-13.5221883459775
3,3,2,1,-13.5307460395008,-13.508078842347,-13.5307747094931,-13.5225783510885
4,3,2,1,-13.5269934858511,-13.5022656344106,-13.5270275899201,-13.5180832803106
5,3,2,1,-13.521571948711,-13.4947834429838,-13.5216119553458,-13.511919226042
1,4,2,1,-13.5280739148498,-13.5074673719827,-13.5280976198968,-13.520648743566
2,4,2,1,-13.529927988613,-13.5072607914592,-13.5299566586054,-13.5217603002008
3,4,2,1,-13.5270764344828,-13.5023485830423,-13.5271105385517,-13.5181662289422
4,4,2,1,-13.52270496204,-13.4959164563128,-13.5227449686748,-13.513052239371
5,4,2,1,-13.5281818726626,-13.4993327126487,-13.528228249712,-13.5177866328653
1,5,2,1,-13.5290460136423,-13.5063788164885,-13.5290746836346,-13.5208783252301
2,5,2,1,-13.5261112926685,-13.501383441228,-13.5261453967374,-13.5172010871279
3,5,2,1,-13.5224764456892,-13.495687939962,-13.522516452324,-13.5128237230202
4,5,2,1,-13.5283219209954,-13.4994727609815,-13.5283682980448,-13.5179266811981
5,5,2,1,-13.5268968932114,-13.4959870789108,-13.5269501078846,-13.5157591362857
1,1,3,1,-13.5174650385217,-13.500979804228,-13.5174802236465,-13.5115249014946
2,1,3,1,-13.5167904413357,-13.4982445527553,-13.516809651212,-13.5101077871802
3,1,3,1,-13.5190717481915,-13.4984652053245,-13.5190954532386,-13.5116465769077
4,1,3,1,-13.5174152880025,-13.4947480908487,-13.5174439579949,-13.5092475995903
5,1,3,1,-13.5145270378502,-13.4897991864097,-13.5145611419191,-13.5056168323096
1,2,3,1,-13.5179098761084,-13.499363987528,-13.5179290859847,-13.5112272219529
2,2,3,1,-13.5174471294975,-13.4968405866304,-13.5174708345445,-13.5100219582136
3,2,3,1,-13.515948226294,-13.4932810291402,-13.5159768962864,-13.5077805378818
4,2,3,1,-13.5141854863441,-13.4894576349036,-13.514219590413,-13.5052752808035
5,2,3,1,-13.5169952876718,-13.4902067819446,-13.5170352943066,-13.5073425650028
1,3,3,1,-13.5161796888897,-13.4955731460227,-13.5162033939368,-13.5087545176059
2,3,3,1,-13.5162978248846,-13.4936306277308,-13.5163264948769,-13.5081301364724
3,3,3,1,-13.5156109952647,-13.4908831438242,-13.5156450993337,-13.5067007897242
4,3,3,1,-13.5177165173551,-13.4909280116279,-13.51775652399,-13.5080637946862
5,3,3,1,-13.5139721843487,-13.4851230243347,-13.514018561398,-13.5035769445513
1,4,3,1,-13.5173029480789,-13.4946357509251,-13.5173316180713,-13.5091352596667
2,4,3,1,-13.514165599289,-13.4894377478485,-13.5141997033579,-13.5052553937484
3,4,3,1,-13.5174909286391,-13.4907024229119,-13.5175309352739,-13.5078382059701
4,4,3,1,-13.5118448284215,-13.4829956684076,-13.5118912054708,-13.5014495886241
5,4,3,1,-13.5151195983731,-13.4842097840725,-13.5151728130463,-13.5039818414474
1,5,3,1,-13.5152977869743,-13.4905699355338,-13.5153318910433,-13.5063875814338
2,5,3,1,-13.5119733767908,-13.4851848710636,-13.5120133834256,-13.5023206541218
3,5,3,1,-13.5127735377261,-13.4839243777122,-13.5128199147755,-13.5023782979288
4,5,3,1,-13.5144805512166,-13.483570736916,-13.5145337658898,-13.5033427942909
5,5,3,1,-13.5140599198044,-13.4810894512171,-13.5141204386726,-13.5021796457503
1,1,4,1,-13.5055298966052,-13.4869840080249,-13.5055491064816,-13.4988472424498
2,1,4,1,-13.5078879445645,-13.4872814016974,-13.5079116496115,-13.5004627732806
3,1,4,1,-13.5069714118338,-13.48430421468,-13.5070000818262,-13.4988037234216
4,1,4,1,-13.5051490961361,-13.4804212446956,-13.505183200205,-13.4962388905955
5,1,4,1,-13.5035148914532,-13.476726385726,-13.503554898088,-13.4938621687842
1,2,4,1,-13.5074028381969,-13.4867962953298,-13.507426543244,-13.4999776669131
2,2,4,1,-13.5081381999557,-13.4854710028019,-13.508166869948,-13.4999705115435
3,2,4,1,-13.5054612851187,-13.4807334336782,-13.5054953891876,-13.4965510795781
4,2,4,1,-13.5037920865275,-13.4770035808002,-13.5038320931623,-13.4941393638585
5,2,4,1,-13.5038189437143,-13.4749697837004,-13.5038653207637,-13.493423703917
1,3,4,1,-13.5051282908677,-13.4824610937139,-13.50515696086,-13.4969606024555
2,3,4,1,-13.5056106674244,-13.4808828159839,-13.5056447714934,-13.4967004618838
3,3,4,1,-13.5045791592485,-13.4777906535213,-13.5046191658834,-13.4949264365796
4,3,4,1,-13.5034145918592,-13.4745654318453,-13.5034609689086,-13.4930193520619
5,3,4,1,-13.5053737926826,-13.4744639783819,-13.5054270073557,-13.4942360357568
1,4,4,1,-13.503841882643,-13.4791140312025,-13.503875986712,-13.4949316771024
2,4,4,1,-13.5036681584458,-13.4768796527186,-13.5037081650806,-13.4940154357768
3,4,4,1,-13.5032314243068,-13.4743822642929,-13.5032778013562,-13.4928361845095
4,4,4,1,-13.5042071405712,-13.4732973262706,-13.5042603552444,-13.4930693836455
5,4,4,1,-13.504803472305,-13.4718330037176,-13.5048639911731,-13.4929231982508
1,5,4,1,-13.5034972278644,-13.4767087221372,-13.5035372344993,-13.4938445051955
2,5,4,1,-13.5029548492971,-13.4741056892831,-13.5030012263464,-13.4925596094997
3,5,4,1,-13.5049821982979,-13.4740723839972,-13.505035412971,-13.4938444413721
4,5,4,1,-13.5052736035556,-13.4723031349683,-13.5053341224238,-13.4933933295015
5,5,4,1,-13.5039673824847,-13.4689362596107,-13.5040356714823,-13.4913445913022
1,1,5,1,-13.4976298588313,-13.4770233159643,-13.4976535638784,-13.4902046875475
2,1,5,1,-13.4971959464421,-13.4745287492883,-13.4972246164345,-13.4890282580299
3,1,5,1,-13.4955246244914,-13.4707967730509,-13.4955587285603,-13.4866144189508
4,1,5,1,-13.4941545900755,-13.4673660843483,-13.4941945967103,-13.4845018674065
5,1,5,1,-13.4952757064688,-13.4664265464549,-13.4953220835181,-13.4848804666714
1,2,5,1,-13.4970996807496,-13.4744324835958,-13.4971283507419,-13.4889319923374
2,2,5,1,-13.4965748942414,-13.4718470428009,-13.4966089983104,-13.4876646887009
3,2,5,1,-13.4960852691369,-13.4692967634097,-13.4961252757717,-13.4864325464679
4,2,5,1,-13.4969833043182,-13.4681341443042,-13.4970296813675,-13.4865880645208
5,2,5,1,-13.4935582266238,-13.4626484123231,-13.4936114412969,-13.482420469698
1,3,5,1,-13.4948639918167,-13.4701361403762,-13.4948980958856,-13.4859537862761
2,3,5,1,-13.4956041463185,-13.4688156405913,-13.4956441529533,-13.4859514236495
3,3,5,1,-13.497729924876,-13.4688807648621,-13.4977763019253,-13.4873346850786
4,3,5,1,-13.4970870882131,-13.4661772739125,-13.4971403028862,-13.4859493312874
5,3,5,1,-13.4963097679415,-13.4633392993542,-13.4963702868097,-13.4844294938874
1,4,5,1,-13.4954496110109,-13.4686611052837,-13.4954896176457,-13.4857968883419
2,4,5,1,-13.496670557069,-13.4678213970551,-13.4967169341184,-13.4862753172717
3,4,5,1,-13.4965076985003,-13.4655978841997,-13.4965609131735,-13.4853699415746
4,4,5,1,-13.4959000263543,-13.462929557767,-13.4959605452224,-13.4840197523002
5,4,5,1,-13.4933660742111,-13.4583349513371,-13.4934343632088,-13.4807432830286
1,5,5,1,-13.4950312023534,-13.4661820423395,-13.4950775794028,-13.484635962556
2,5,5,1,-13.4970124190212,-13.4661026047206,-13.4970656336943,-13.4858746620955
3,5,5,1,-13.4951152294439,-13.4621447608565,-13.495175748312,-13.4832349553898
4,5,5,1,-13.493885119232,-13.458853996358,-13.4939534082297,-13.4812623280495
5,5,5,1,-13.4949233352444,-13.4578315580837,-13.4949998596706,-13.4815580269335
1,1,1,2,-13.536563724418,-13.5221391444111,-13.5365753558565,-13.5313661045194
2,1,1,2,-13.5328185825116,-13.5163333482179,-13.5328337676364,-13.5268784454846
3,1,1,2,-13.530663527927,-13.5121176393467,-13.5306827378033,-13.5239808737716
4,1,1,2,-13.5316923059359,-13.5110857630689,-13.531716010983,-13.5242671346521
5,1,1,2,-13.5295235207465,-13.5068563235927,-13.5295521907389,-13.5213558323343
1,2,1,2,-13.5330715953624,-13.5165863610687,-13.5330867804872,-13.5271314583353
2,2,1,2,-13.5317205991264,-13.513174710546,-13.5317398090027,-13.525037944971
3,2,1,2,-13.5306612348154,-13.5100546919483,-13.5306849398624,-13.5232360635316
4,2,1,2,-13.5300240717984,-13.5073568746446,-13.5300527417907,-13.5218563833862
5,2,1,2,-13.532094467818,-13.5073666163775,-13.5321285718869,-13.5231842622774
1,3,1,2,-13.5314643600176,-13.5129184714372,-13.5314835698939,-13.5247817058621
2,3,1,2,-13.5302897909468,-13.5096832480797,-13.5303134959938,-13.522864619663
3,3,1,2,-13.5322410883963,-13.5095738912425,-13.5322697583887,-13.5240733999841
4,3,1,2,-13.5331540024834,-13.5084261510429,-13.5331881065523,-13.5242437969428
5,3,1,2,-13.5326062994723,-13.5058177937451,-13.5326463061071,-13.5229535768033
1,4,1,2,-13.5317655829128,-13.5111590400458,-13.5317892879599,-13.524340411629
2,4,1,2,-13.5299509369049,-13.5072837397511,-13.5299796068973,-13.5217832484927
3,4,1,2,-13.5330313560387,-13.5083035045982,-13.5330654601077,-13.5241211504981
4,4,1,2,-13.5333691041092,-13.506580598382,-13.533409110744,-13.5237163814402
5,4,1,2,-13.5310488177486,-13.5021996577347,-13.5310951947979,-13.5206535779512
1,5,1,2,-13.5319553948006,-13.5092881976468,-13.531984064793,-13.5237877063884
2,5,1,2,-13.53156045618,-13.5068326047395,-13.531594560249,-13.5226502506394
3,5,1,2,-13.5328449315922,-13.506056425865,-13.5328849382271,-13.5231922089232
4,5,1,2,-13.5311921518306,-13.5023429918167,-13.53123852888,-13.5207969120333
5,5,1,2,-13.5280766322153,-13.4971668179147,-13.5281298468884,-13.5169388752896
1,1,2,2,-13.51395113072,-13.4974658964264,-13.5139663158448,-13.508010993693
2,1,2,2,-13.513352312876,-13.4948064242956,-13.5133715227523,-13.5066696587205
3,1,2,2,-13.5117311120662,-13.4911245691991,-13.5117548171132,-13.5043059407824
4,1,2,2,-13.5118113028474,-13.4891441056936,-13.5118399728397,-13.5036436144352
5,1,2,2,-13.5143991766915,-13.489671325251,-13.5144332807605,-13.505488971151
1,2,2,2,-13.5134688921517,-13.4949230035713,-13.513488102028,-13.5067862379962
2,2,2,2,-13.512382325377,-13.4917757825099,-13.5124060304241,-13.5049571540932
3,2,2,2,-13.5131989013822,-13.4905317042284,-13.5132275713745,-13.5050312129699
4,2,2,2,-13.5118505276746,-13.4871226762341,-13.5118846317436,-13.502940322134
5,2,2,2,-13.5109817407405,-13.4841932350133,-13.5110217473753,-13.5013290180715
1,3,2,2,-13.512648846292,-13.4920423034249,-13.512672551339,-13.5052236750082
2,3,2,2,-13.513173399366,-13.4905062022122,-13.5132020693584,-13.5050057109538
3,3,2,2,-13.5116595999695,-13.486931748529,-13.5116937040384,-13.5027493944289
4,3,2,2,-13.5099779721259,-13.4831894663987,-13.5100179787608,-13.500325249457
5,3,2,2,-13.5125781928065,-13.4837290327926,-13.5126245698559,-13.5021829530092
1,4,2,2,-13.5146678864046,-13.4920006892508,-13.5146965563969,-13.5065001979924
2,4,2,2,-13.5117081939259,-13.4869803424854,-13.5117422979949,-13.5027979883854
3,4,2,2,-13.5100989414787,-13.4833104357515,-13.5101389481136,-13.5004462188098
4,4,2,2,-13.5105978730803,-13.4817487130663,-13.5106442501296,-13.5002026332829
5,4,2,2,-13.5131983706384,-13.4822885563378,-13.5132515853116,-13.5020606137127
1,5,2,2,-13.511767267314,-13.4870394158735,-13.511801371383,-13.5028570617735
2,5,2,2,-13.5121857732415,-13.4853972675143,-13.5122257798763,-13.5025330505725
3,5,2,2,-13.5130402440272,-13.4841910840133,-13.5130866210766,-13.5026450042299
4,5,2,2,-13.5118035308148,-13.4808937165142,-13.5118567454879,-13.5006657738891
5,5,2,2,-13.5072866416379,-13.4743161730506,-13.5073471605061,-13.4954063675838
1,1,3,2,-13.5013668109861,-13.4828209224057,-13.5013860208624,-13.4946841568307
2,1,3,2,-13.5010105524482,-13.4804040095812,-13.5010342574953,-13.4935853811644
3,1,3,2,-13.4997893194304,-13.4771221222766,-13.4998179894228,-13.4916216310182
4,1,3,2,-13.5025391567411,-13.4778113053006,-13.50257326081,-13.4936289512005
5,1,3,2,-13.5026417337326,-13.4758532280054,-13.5026817403675,-13.4929890110637
1,2,3,2,-13.500468960847,-13.4798624179799,-13.500492665894,-13.4930437895631
2,2,3,2,-13.5031223508715,-13.4804551537177,-13.5031510208638,-13.4949546624593
3,2,3,2,-13.5003566913,-13.4756288398595,-13.5003907953689,-13.4914464857594
4,2,3,2,-13.4991732709389,-13.4723847652117,-13.4992132775738,-13.48952054827
5,2,3,2,-13.5009486253612,-13.4720994653473,-13.5009950024106,-13.4905533855639
1,3,3,2,-13.5009553984826,-13.4782882013288,-13.500984068475,-13.4927877100704
2,3,3,2,-13.4998576401842,-13.4751297887437,-13.4998917442532,-13.4909474346436
3,3,3,2,-13.4985943798963,-13.4718058741691,-13.4986343865312,-13.4889416572274
4,3,3,2,-13.4992875267401,-13.4704383667262,-13.4993339037894,-13.4888922869427
5,3,3,2,-13.4970049965195,-13.4660951822189,-13.4970582111927,-13.4858672395938
1,4,3,2,-13.501504782527,-13.4767769310865,-13.5015388865959,-13.4925945769864
2,4,3,2,-13.4987257696149,-13.4719372638877,-13.4987657762498,-13.4890730469459
3,4,3,2,-13.4993767939962,-13.4705276339823,-13.4994231710455,-13.4889815541988
4,4,3,2,-13.4973339438905,-13.4664241295899,-13.4973871585637,-13.4861961869648
5,4,3,2,-13.4991281815186,-13.4661577129313,-13.4991887003868,-13.4872479074645
1,5,3,2,-13.4997744394456,-13.4729859337183,-13.4998144460804,-13.4901217167766
2,5,3,2,-13.5008898648666,-13.4720407048527,-13.500936241916,-13.4904946250693
3,5,3,2,-13.4976663528358,-13.4667565385352,-13.497719567509,-13.4865285959101
4,5,3,2,-13.4990239089669,-13.4660534403796,-13.4990844278351,-13.4871436349128
5,5,3,2,-13.4984881178633,-13.4634569949893,-13.498556406861,-13.4858653266808
1,1,4,2,-13.4953009100814,-13.4746943672143,-13.4953246151284,-13.4878757387975
2,1,4,2,-13.4926915983511,-13.4700244011973,-13.4927202683435,-13.4845239099389
3,1,4,2,-13.4925056342058,-13.4677777827653,-13.4925397382747,-13.4835954286652
4,1,4,2,-13.4925106045003,-13.4657220987731,-13.4925506111351,-13.4828578818313
5,1,4,2,-13.4915787104559,-13.4627295504419,-13.4916250875052,-13.4811834706585
1,2,4,2,-13.4919933835935,-13.4693261864397,-13.4920220535859,-13.4838256951813
2,2,4,2,-13.4909568847812,-13.4662290333407,-13.4909909888501,-13.4820466792406
3,2,4,2,-13.4898109938266,-13.4630224880994,-13.4898510004614,-13.4801582711576
4,2,4,2,-13.4892684511072,-13.4604192910933,-13.4893148281566,-13.4788732113099
5,2,4,2,-13.4911893567037,-13.4602795424031,-13.4912425713768,-13.480051599778
1,3,4,2,-13.4914928058565,-13.466764954416,-13.4915269099254,-13.4825826003159
2,3,4,2,-13.4897794384318,-13.4629909327046,-13.4898194450666,-13.4801267157628
3,3,4,2,-13.4897341073999,-13.4608849473859,-13.4897804844492,-13.4793388676025
4,3,4,2,-13.4889798919653,-13.4580700776647,-13.4890331066384,-13.4778421350396
5,3,4,2,-13.4881456897549,-13.4551752211676,-13.488206208623,-13.4762654157008
1,4,4,2,-13.4920369360859,-13.4652484303586,-13.4920769427207,-13.4823842134169
2,4,4,2,-13.4887487435276,-13.4598995835137,-13.4887951205769,-13.4783535037302
3,4,4,2,-13.488969908825,-13.4580600945244,-13.4890231234982,-13.4778321518993
4,4,4,2,-13.4900430649368,-13.4570725963494,-13.4901035838049,-13.4781627908826
5,4,4,2,-13.4868713172232,-13.4518401943491,-13.4869396062208,-13.4742485260407
1,5,4,2,-13.4887371609045,-13.4598880008905,-13.4887835379538,-13.4783419211071
2,5,4,2,-13.4913473922553,-13.4604375779547,-13.4914006069285,-13.4802096353296
3,5,4,2,-13.4902152019618,-13.4572447333745,-13.49027572083,-13.4783349279077
4,5,4,2,-13.4867119308156,-13.4516808079416,-13.4867802198133,-13.4740891396331
5,5,4,2,-13.4867536459585,-13.4496618687977,-13.4868301703846,-13.4733883376476
1,1,5,2,-13.4880875853886,-13.4654203882348,-13.488116255381,-13.4799198969764
2,1,5,2,-13.4869597188823,-13.4622318674418,-13.4869938229512,-13.4780495133417
3,1,5,2,-13.4864644276601,-13.4596759219328,-13.4865044342949,-13.4768117049911
4,1,5,2,-13.4814535979523,-13.4526044379383,-13.4814999750016,-13.4710583581549
5,1,5,2,-13.4798662469785,-13.4489564326779,-13.4799194616516,-13.4687284900528
1,2,5,2,-13.4857507386671,-13.4610228872266,-13.485784842736,-13.4768405331265
2,2,5,2,-13.4845498167629,-13.4577613110357,-13.4845898233978,-13.474897094094
3,2,5,2,-13.4828178236897,-13.4539686636758,-13.4828642007391,-13.4724225838924
4,2,5,2,-13.4810666719896,-13.450156857689,-13.4811198866627,-13.4699289150639
5,2,5,2,-13.4798307922341,-13.4468603236468,-13.4798913111023,-13.46795051818
1,3,5,2,-13.486346006839,-13.4595575011118,-13.4863860134738,-13.47669328417
2,3,5,2,-13.4827507308485,-13.4539015708345,-13.4827971078978,-13.4723554910511
3,3,5,2,-13.481884031477,-13.4509742171763,-13.4819372461501,-13.4707462745512
4,3,5,2,-13.4810091437629,-13.4480386751756,-13.481069662631,-13.4691288697088
5,3,5,2,-13.4785858808268,-13.4435547579528,-13.4786541698244,-13.4659630896443
1,4,5,2,-13.4809159346774,-13.4520667746634,-13.4809623117267,-13.47052069488
2,4,5,2,-13.4808280404953,-13.4499182261947,-13.4808812551685,-13.4696902835696
3,4,5,2,-13.4810286898605,-13.4480582212732,-13.4810892087286,-13.4691484158064
4,4,5,2,-13.4787411090746,-13.4437099862006,-13.4788093980722,-13.4661183178921
5,4,5,2,-13.4802690429241,-13.4431772657634,-13.4803455673503,-13.4669037346132
1,5,5,2,-13.4808224721156,-13.449912657815,-13.4808756867888,-13.4696847151899
2,5,5,2,-13.4798190426756,-13.4468485740882,-13.4798795615437,-13.4679387686215
3,5,5,2,-13.4791662009411,-13.4441350780671,-13.4792344899387,-13.4665434097586
4,5,5,2,-13.4805740964721,-13.4434823193113,-13.4806506208982,-13.4672087881612
5,5,5,2,-13.4778086152316,-13.4386561837841,-13.4778938397511,-13.4637007897923
1,1,1,3,-13.5199963840494,-13.5035111497557,-13.5200115691742,-13.5140562470224
2,1,1,3,-13.5196757600334,-13.501129871453,-13.5196949699097,-13.512993105878
3,1,1,3,-13.5212441856558,-13.5006376427887,-13.5212678907028,-13.513819014372
4,1,1,3,-13.5190941374042,-13.4964269402504,-13.5191228073965,-13.510926448992
5,1,1,3,-13.5180201729303,-13.4932923214898,-13.5180542769993,-13.5091099673898
1,2,1,3,-13.5197302941882,-13.5011844056079,-13.5197495040645,-13.5130476400328
2,2,1,3,-13.521122628902,-13.5005160860349,-13.521146333949,-13.5136974576182
3,2,1,3,-13.517783997854,-13.4951168007002,-13.5178126678463,-13.5096163094418
4,2,1,3,-13.5173309328481,-13.4926030814076,-13.517365036917,-13.5084207273075
5,2,1,3,-13.5170239846328,-13.4902354789056,-13.5170639912677,-13.5073712619639
1,3,1,3,-13.5214193973919,-13.5008128545248,-13.5214431024389,-13.5139942261081
2,3,1,3,-13.5177173547101,-13.4950501575563,-13.5177460247024,-13.5095496662979
3,3,1,3,-13.5179417473953,-13.4932138959548,-13.5179758514642,-13.5090315418547
4,3,1,3,-13.5159618663247,-13.4891733605975,-13.5160018729595,-13.5063091436557
5,3,1,3,-13.5238665455477,-13.4950173855338,-13.523912922597,-13.5134713057503
1,4,1,3,-13.5188328951721,-13.4961656980183,-13.5188615651645,-13.5106652067599
2,4,1,3,-13.516886667533,-13.4921588160925,-13.516920771602,-13.5079764619924
3,4,1,3,-13.5160984553381,-13.4893099496109,-13.5161384619729,-13.5064457326691
4,4,1,3,-13.5244447769846,-13.4955956169707,-13.524491154034,-13.5140495371873
5,4,1,3,-13.522953215904,-13.4920434016034,-13.5230064305772,-13.5118154589783
1,5,1,3,-13.5177739473267,-13.4930460958862,-13.5178080513956,-13.5088637417861
2,5,1,3,-13.5172684484989,-13.4904799427717,-13.5173084551337,-13.5076157258299
3,5,1,3,-13.5235493988824,-13.4947002388685,-13.5235957759318,-13.5131541590851
4,5,1,3,-13.5228441695945,-13.4919343552939,-13.5228973842677,-13.5117064126688
5,5,1,3,-13.516526260928,-13.4835557923407,-13.5165867797962,-13.5046459868739
1,1,2,3,-13.5011966583658,-13.4826507697854,-13.5012158682421,-13.4945140042103
2,1,2,3,-13.5037954706636,-13.4831889277966,-13.5038191757107,-13.4963702993798
3,1,2,3,-13.5031332736422,-13.4804660764884,-13.5031619436346,-13.49496558523
4,1,2,3,-13.4990301382167,-13.4743022867762,-13.4990642422856,-13.4901199326761
5,1,2,3,-13.5007697401374,-13.4739812344102,-13.5008097467722,-13.4911170174684
1,2,2,3,-13.5038748073156,-13.4832682644485,-13.5038985123626,-13.4964496360318
2,2,2,3,-13.5023718786355,-13.4797046814817,-13.5024005486279,-13.4942041902233
3,2,2,3,-13.49864884931,-13.4739209978695,-13.4986829533789,-13.4897386437694
4,2,2,3,-13.4978548192574,-13.4710663135302,-13.4978948258922,-13.4882020965884
5,2,2,3,-13.5004211190413,-13.4715719590274,-13.5004674960906,-13.4900258792439
1,3,2,3,-13.5005399402403,-13.4778727430865,-13.5005686102327,-13.4923722518281
2,3,2,3,-13.4985287242086,-13.4738008727681,-13.4985628282775,-13.489618518668
3,3,2,3,-13.4995085123157,-13.4727200065885,-13.4995485189506,-13.4898557896468
4,3,2,3,-13.4983861318281,-13.4695369718142,-13.4984325088775,-13.4879908920308
5,3,2,3,-13.4977025915929,-13.4667927772922,-13.497755806266,-13.4865648346671
1,4,2,3,-13.5007422872652,-13.4760144358247,-13.5007763913342,-13.4918320817246
2,4,2,3,-13.4976935448605,-13.4709050391333,-13.4977335514954,-13.4880408221915
3,4,2,3,-13.4981744899814,-13.4693253299675,-13.4982208670308,-13.4877792501841
4,4,2,3,-13.4973546242808,-13.4664448099801,-13.4974078389539,-13.486216867355
5,4,2,3,-13.4965157845023,-13.463545315915,-13.4965763033705,-13.4846355104482
1,5,2,3,-13.4998955152726,-13.4731070095454,-13.4999355219074,-13.4902427926036
2,5,2,3,-13.4997397518586,-13.4708905918447,-13.499786128908,-13.4893445120613
3,5,2,3,-13.4981877070862,-13.4672778927856,-13.4982409217594,-13.4870499501605
4,5,2,3,-13.4994671459479,-13.4664966773605,-13.499527664816,-13.4875868718937
5,5,2,3,-13.4974290511813,-13.4623979283073,-13.4974973401789,-13.4848062599988
1,1,3,3,-13.4929087466156,-13.4723022037485,-13.4929324516626,-13.4854835753318
2,1,3,3,-13.4912057256408,-13.468538528487,-13.4912343956331,-13.4830380372285
3,1,3,3,-13.4878679793072,-13.4631401278667,-13.4879020833762,-13.4789577737667
4,1,3,3,-13.4867800186022,-13.459991512875,-13.4868200252371,-13.4771272959333
5,1,3,3,-13.4877244441843,-13.4588752841703,-13.4877708212336,-13.4773292043869
1,2,3,3,-13.4904678342616,-13.4678006371078,-13.490496504254,-13.4823001458494
2,2,3,3,-13.4914543896935,-13.466726538253,-13.4914884937625,-13.4825441841529
3,2,3,3,-13.4869612005022,-13.460172694775,-13.4870012071371,-13.4773084778333
4,2,3,3,-13.4879149426867,-13.4590657826728,-13.487961319736,-13.4775197028893
5,2,3,3,-13.4868847273279,-13.4559749130273,-13.486937942001,-13.4757469704022
1,3,3,3,-13.4892415293218,-13.4645136778813,-13.4892756333907,-13.4803313237812
2,3,3,3,-13.4873338190322,-13.460545313305,-13.4873738256671,-13.4776810963633
3,3,3,3,-13.4868429334024,-13.4579937733885,-13.4868893104518,-13.4764476936051
4,3,3,3,-13.486840851279,-13.4559310369784,-13.4868940659522,-13.4757030943533
5,3,3,3,-13.4868989477838,-13.4539284791965,-13.4869594666519,-13.4750186737297
1,4,3,3,-13.4866740404742,-13.459885534747,-13.486714047109,-13.4770213178052
2,4,3,3,-13.4863791372805,-13.4575299772666,-13.4864255143299,-13.4759838974832
3,4,3,3,-13.4869013474868,-13.4559915331861,-13.4869545621599,-13.475763590561
4,4,3,3,-13.4857210623285,-13.4527505937412,-13.4857815811967,-13.4738407882744
5,4,3,3,-13.4845604585644,-13.4495293356903,-13.484628747562,-13.4719376673819
1,5,3,3,-13.4873576555961,-13.4585084955822,-13.4874040326454,-13.4769624157987
2,5,3,3,-13.4873941265318,-13.4564843122311,-13.4874473412049,-13.476256369606
3,5,3,3,-13.4877023841297,-13.4547319155423,-13.4877629029978,-13.4758221100755
4,5,3,3,-13.4877303381095,-13.4526992152354,-13.4877986271071,-13.475107546927
5,5,3,3,-13.4860029611671,-13.4489111840064,-13.4860794855933,-13.4726376528563
1,1,4,3,-13.4803085633902,-13.4576413662365,-13.4803372333826,-13.472140874978
2,1,4,3,-13.4788734106824,-13.4541455592419,-13.4789075147513,-13.4699632051418
3,1,4,3,-13.4790661929111,-13.4522776871839,-13.4791061995459,-13.4694134702421
4,1,4,3,-13.4788376562116,-13.4499884961977,-13.4788840332609,-13.4684424164142
5,1,4,3,-13.479413155754,-13.4485033414534,-13.4794663704272,-13.4682753988283
1,2,4,3,-13.4795949030625,-13.454867051622,-13.4796290071315,-13.4706846975219
2,2,4,3,-13.4786406102448,-13.4518521045176,-13.4786806168796,-13.4689878875758
3,2,4,3,-13.4774545837555,-13.4486054237415,-13.4775009608048,-13.4670593439581
4,2,4,3,-13.4782151034113,-13.4473052891107,-13.4782683180845,-13.4670773464856
5,2,4,3,-13.4771531094371,-13.4441826408498,-13.4772136283053,-13.465272835383
1,3,4,3,-13.479689093829,-13.4529005881018,-13.4797291004638,-13.47003637116
2,3,4,3,-13.4778737751075,-13.4490246150936,-13.4779201521569,-13.4674785353102
3,3,4,3,-13.4781270151168,-13.4472172008162,-13.4781802297899,-13.4669892581911
4,3,4,3,-13.4772499588633,-13.4442794902759,-13.4773104777314,-13.4653696848091
5,3,4,3,-13.4770157094545,-13.4419845865805,-13.4770839984521,-13.464392918272
1,4,4,3,-13.4775377707105,-13.4486886106966,-13.4775841477599,-13.4671425309132
2,4,4,3,-13.4778443146379,-13.4469345003372,-13.477897529311,-13.4667065577121
3,4,4,3,-13.4770224633164,-13.4440519947291,-13.4770829821846,-13.4651421892623
4,4,4,3,-13.4774042756648,-13.4423731527908,-13.4774725646624,-13.4647814844823
5,4,4,3,-13.4784494189995,-13.4413576418387,-13.4785259434256,-13.4650841106886
1,5,4,3,-13.4780906818335,-13.4471808675329,-13.4781438965066,-13.4669529249078
2,5,4,3,-13.478536238339,-13.4455657697517,-13.4785967572071,-13.4666559642849
3,5,4,3,-13.4780023768357,-13.4429712539617,-13.4780706658333,-13.4653795856532
4,5,4,3,-13.4792148939371,-13.4421231167764,-13.4792914183633,-13.4658495856263
5,5,4,3,-13.476075293473,-13.4369228620255,-13.4761605179926,-13.4619674680337
1,1,5,3,-13.4704828341543,-13.4457549827138,-13.4705169382232,-13.4615726286137
2,1,5,3,-13.4693605617741,-13.4425720560469,-13.469400568409,-13.4597078391052
3,1,5,3,-13.4703816958453,-13.4415325358314,-13.4704280728946,-13.4599864560479
4,1,5,3,-13.4695623261097,-13.4386525118091,-13.4696155407829,-13.458424569184
5,1,5,3,-13.4697942746539,-13.4368238060666,-13.469854793522,-13.4579140005998
1,2,5,3,-13.4702055504114,-13.4434170446842,-13.4702455570462,-13.4605528277424
2,2,5,3,-13.4691605148385,-13.4403113548246,-13.4692068918878,-13.4587652750411
3,2,5,3,-13.471409469731,-13.4404996554304,-13.4714626844042,-13.4602717128053
4,2,5,3,-13.4693655769022,-13.4363951083149,-13.4694260957704,-13.4574853028481
5,2,5,3,-13.4705870744411,-13.4355559515671,-13.4706553634387,-13.4579642832586
1,3,5,3,-13.4697383173867,-13.4408891573728,-13.469784694436,-13.4593430775893
2,3,5,3,-13.4684607631352,-13.4375509488346,-13.4685139778084,-13.4573230062095
3,3,5,3,-13.4691651116969,-13.4361946431096,-13.4692256305651,-13.4572848376428
4,3,5,3,-13.4685886525929,-13.4335575297189,-13.4686569415905,-13.4559658614104
5,3,5,3,-13.4681480872516,-13.4310563100908,-13.4682246116777,-13.4547827789407
1,4,5,3,-13.4686183805079,-13.4377085662073,-13.468671595181,-13.4574806235822
2,4,5,3,-13.4684807529423,-13.4355102843549,-13.4685412718104,-13.4566004788881
3,4,5,3,-13.4699089451305,-13.4348778222564,-13.4699772341281,-13.457286153948
4,4,5,3,-13.4695223402342,-13.4324305630734,-13.4695988646603,-13.4561570319233
5,4,5,3,-13.4702544549973,-13.4311020235499,-13.4703396795169,-13.4561466295581
1,5,5,3,-13.4707189295184,-13.4377484609311,-13.4707794483865,-13.4588386554643
2,5,5,3,-13.4699321659172,-13.4349010430432,-13.4700004549148,-13.4573093747347
3,5,5,3,-13.4698657118093,-13.4327739346485,-13.4699422362354,-13.4565004034984
4,5,5,3,-13.4710696850968,-13.4319172536493,-13.4711549096164,-13.4569618596575
5,5,5,3,-13.4676993706638,-13.4264862849297,-13.4677937593089,-13.4528490280962
1,1,1,4,-13.5094516962386,-13.4909058076582,-13.5094709061149,-13.5027690420831
2,1,1,4,-13.5109489219421,-13.490342379075,-13.5109726269891,-13.5035237506583
3,1,1,4,-13.5076722017419,-13.4850050045881,-13.5077008717343,-13.4995045133297
4,1,1,4,-13.5053115288049,-13.4805836773644,-13.5053456328738,-13.4964013232643
5,1,1,4,-13.5048454006037,-13.4780568948765,-13.5048854072386,-13.4951926779348
1,2,1,4,-13.5087412698384,-13.4881347269713,-13.5087649748854,-13.5013160985546
2,2,1,4,-13.507523465772,-13.4848562686182,-13.5075521357644,-13.4993557773598
3,2,1,4,-13.509343101396,-13.4846152499555,-13.5093772054649,-13.5004328958554
4,2,1,4,-13.5095196298554,-13.4827311241282,-13.5095596364902,-13.4998669071864
5,2,1,4,-13.5052264309592,-13.4763772709453,-13.5052728080085,-13.4948311911618
1,3,1,4,-13.507250248711,-13.4845830515572,-13.5072789187033,-13.4990825602988
2,3,1,4,-13.5093290911423,-13.4846012397018,-13.5093631952113,-13.5004188856017
3,3,1,4,-13.5076007739337,-13.4808122682065,-13.5076407805686,-13.4979480512648
4,3,1,4,-13.50634088525,-13.4774917252361,-13.5063872622993,-13.4959456454526
5,3,1,4,-13.50501568196,-13.4741058676594,-13.5050688966331,-13.4938779250343
1,4,1,4,-13.5053786521475,-13.480650800707,-13.5054127562164,-13.4964684466069
2,4,1,4,-13.5094300180987,-13.4826415123715,-13.5094700247335,-13.4997772954297
3,4,1,4,-13.5060870506058,-13.4772378905919,-13.5061334276552,-13.4956918108085
4,4,1,4,-13.504397308215,-13.4734874939144,-13.5044505228881,-13.4932595512893
5,4,1,4,-13.5060707099444,-13.473100241357,-13.5061312288125,-13.4941904358903
1,5,1,4,-13.506014888883,-13.4792263831558,-13.5060548955179,-13.4963621662141
2,5,1,4,-13.505268241242,-13.4764190812281,-13.5053146182913,-13.4948730014446
3,5,1,4,-13.5048595574188,-13.4739497431182,-13.504912772092,-13.4937218004931
4,5,1,4,-13.5054864622539,-13.4725159936666,-13.505546981122,-13.4936061881998
5,5,1,4,-13.5033689924984,-13.4683378696244,-13.503437281496,-13.4907462013159
1,1,2,4,-13.4892670701124,-13.4686605272453,-13.4892907751595,-13.4818418988286
2,1,2,4,-13.4879980803619,-13.4653308832081,-13.4880267503542,-13.4798303919497
3,1,2,4,-13.4907861499275,-13.466058298487,-13.4908202539965,-13.481875944387
4,1,2,4,-13.4918715653744,-13.4650830596472,-13.4919115720092,-13.4822188427054
5,1,2,4,-13.4890836429485,-13.4602344829346,-13.4891300199979,-13.4786884031512
1,2,2,4,-13.4881203162967,-13.4654531191429,-13.488148986289,-13.4799526278845
2,2,2,4,-13.4875744112986,-13.4628465598581,-13.4876085153676,-13.4786642057581
3,2,2,4,-13.4878745987189,-13.4610860929916,-13.4879146053537,-13.4782218760499
4,2,2,4,-13.4881646748405,-13.4593155148266,-13.4882110518899,-13.4777694350432
5,2,2,4,-13.4881808736475,-13.4572710593469,-13.4882340883207,-13.4770431167218
1,3,2,4,-13.4897044954013,-13.4649766439608,-13.4897385994703,-13.4807942898608
2,3,2,4,-13.4880397077385,-13.4612512020113,-13.4880797143734,-13.4783869850696
3,3,2,4,-13.490082360385,-13.461233200371,-13.4901287374343,-13.4796871205876
4,3,2,4,-13.4881707961676,-13.457260981867,-13.4882240108408,-13.4770330392419
5,3,2,4,-13.4876689530181,-13.4546984844307,-13.4877294718862,-13.475788678964
1,4,2,4,-13.488069238327,-13.4612807325997,-13.4881092449618,-13.478416515658
2,4,2,4,-13.488162740501,-13.4593135804871,-13.4882091175504,-13.4777675007037
3,4,2,4,-13.4871827364167,-13.4562729221161,-13.4872359510898,-13.476044979491
4,4,2,4,-13.4872992115895,-13.4543287430022,-13.4873597304577,-13.4754189375354
5,4,2,4,-13.4894476752457,-13.4544165523717,-13.4895159642433,-13.4768248840632
1,5,2,4,-13.4894252764171,-13.4605761164032,-13.4894716534665,-13.4790300366198
2,5,2,4,-13.4885952775792,-13.4576854632786,-13.4886484922523,-13.4774575206535
3,5,2,4,-13.48913443556,-13.4561639669726,-13.4891949544281,-13.4772541615059
4,5,2,4,-13.4894268338613,-13.4543957109872,-13.4894951228589,-13.4768040426788
5,5,2,4,-13.4855093182844,-13.4484175411237,-13.4855858427106,-13.4721440099735
1,1,3,4,-13.4779328983889,-13.4552657012351,-13.4779615683813,-13.4697652099767
2,1,3,4,-13.4792097741489,-13.4544819227084,-13.4792438782179,-13.4702995686083
3,1,3,4,-13.479744938337,-13.4529564326098,-13.4797849449719,-13.4700922156681
4,1,3,4,-13.4766122093033,-13.4477630492893,-13.4766585863526,-13.4662169695059
5,1,3,4,-13.4771234736365,-13.4462136593359,-13.4771766883096,-13.4659857167108
1,2,3,4,-13.4791345190325,-13.454406667592,-13.4791686231015,-13.4702243134919
2,2,3,4,-13.4787746853991,-13.4519861796719,-13.4788146920339,-13.4691219627301
3,2,3,4,-13.4786412035324,-13.4497920435185,-13.4786875805818,-13.4682459637351
4,2,3,4,-13.4774185188103,-13.4465087045097,-13.4774717334834,-13.4662807618846
5,2,3,4,-13.479164421716,-13.4461939531286,-13.4792249405841,-13.4672841476618
1,3,3,4,-13.4798119278853,-13.4530234221581,-13.4798519345201,-13.4701592052163
2,3,3,4,-13.4783436299687,-13.4494944699548,-13.478390007018,-13.4679483901713
3,3,3,4,-13.4788499038013,-13.4479400895007,-13.4789031184745,-13.4677121468756
4,3,3,4,-13.4737784163503,-13.440807947763,-13.4738389352185,-13.4618981422962
5,3,3,4,-13.4742480786522,-13.4392169557781,-13.4743163676498,-13.4616252874697
1,4,3,4,-13.4792400808176,-13.4503909208037,-13.479286457867,-13.4688448410202
2,4,3,4,-13.4776241506967,-13.446714336396,-13.4776773653698,-13.4664863937709
3,4,3,4,-13.4747892963435,-13.4418188277562,-13.4748498152117,-13.4629090222894
4,4,3,4,-13.4789027726121,-13.4438716497381,-13.4789710616097,-13.4662799814296
5,4,3,4,-13.4779770435569,-13.4408852663962,-13.4780535679831,-13.464611735246
1,5,3,4,-13.4769328921169,-13.4460230778163,-13.4769861067901,-13.4657951351912
2,5,3,4,-13.4785890392936,-13.4456185707063,-13.4786495581618,-13.4667087652395
3,5,3,4,-13.4749473696758,-13.4399162468017,-13.4750156586734,-13.4623245784933
4,5,3,4,-13.4781244872444,-13.4410327100837,-13.4782010116706,-13.4647591789335
5,5,3,4,-13.4772776592464,-13.438125227799,-13.477362883766,-13.4631698338072
1,1,4,4,-13.4690615104335,-13.444333658993,-13.4690956145024,-13.4601513048929
2,1,4,4,-13.4664650478636,-13.4396765421364,-13.4665050544984,-13.4568123251946
3,1,4,4,-13.4704088901896,-13.4415597301757,-13.470455267239,-13.4600136503923
4,1,4,4,-13.4708180619497,-13.439908247649,-13.4708712766228,-13.4596803050239
5,1,4,4,-13.4692614134489,-13.4362909448615,-13.469321932317,-13.4573811393947
1,2,4,4,-13.4660640678307,-13.4392755621035,-13.4661040744655,-13.4564113451617
2,2,4,4,-13.4708263124562,-13.4419771524423,-13.4708726895056,-13.4604310726589
3,2,4,4,-13.4684340817553,-13.4375242674547,-13.4684872964285,-13.4572963248296
4,2,4,4,-13.4683820636201,-13.4354115950328,-13.4684425824883,-13.456501789566
5,2,4,4,-13.4660708299069,-13.4310397070329,-13.4661391189045,-13.4534480387244
1,3,4,4,-13.4700918122085,-13.4412426521946,-13.4701381892579,-13.4596965724112
2,3,4,4,-13.4695445017649,-13.4386346874642,-13.469597716438,-13.4584067448391
3,3,4,4,-13.4688704462776,-13.4358999776902,-13.4689309651457,-13.4569901722235
4,3,4,4,-13.4676646101275,-13.4326334872534,-13.4677328991251,-13.455041818945
5,3,4,4,-13.4665841129781,-13.4294923358173,-13.4666606374042,-13.4532188046672
1,4,4,4,-13.470373263316,-13.4394634490154,-13.4704264779891,-13.4592355063903
2,4,4,4,-13.469319250496,-13.4363487819087,-13.4693797693642,-13.4574389764419
3,4,4,4,-13.4677221581731,-13.4326910352991,-13.4677904471707,-13.4550993669906
4,4,4,4,-13.4666716841635,-13.4295799070028,-13.4667482085897,-13.4533063758527
5,4,4,4,-13.4685876041828,-13.4294351727354,-13.4686728287024,-13.4544797787436
1,5,4,4,-13.4664945414445,-13.4335240728571,-13.4665550603126,-13.4546142673903
2,5,4,4,-13.4662291430268,-13.4311980201528,-13.4662974320244,-13.4536063518443
3,5,4,4,-13.467155973078,-13.4300641959173,-13.4672324975042,-13.4537906647671
4,5,4,4,-13.4686014557692,-13.4294490243217,-13.4686866802888,-13.4544936303299
5,5,4,4,-13.4655404441782,-13.424327358444,-13.4656348328232,-13.4506901016105
1,1,5,4,-13.4589848712257,-13.4321963654985,-13.4590248778605,-13.4493321485567
2,1,5,4,-13.4577827116081,-13.4289335515942,-13.4578290886575,-13.4473874718107
3,1,5,4,-13.4634727730071,-13.4325629587065,-13.4635259876803,-13.4523350160814
4,1,5,4,-13.4611019414977,-13.4281314729104,-13.4611624603659,-13.4492216674436
5,1,5,4,-13.4620187784919,-13.4269876556178,-13.4620870674895,-13.4493959873094
1,2,5,4,-13.4580912138486,-13.4292420538347,-13.4581375908979,-13.4476959740512
2,2,5,4,-13.4571290161584,-13.4262192018578,-13.4571822308315,-13.4459912592327
3,2,5,4,-13.4620698033787,-13.4290993347913,-13.4621303222468,-13.4501895293245
4,2,5,4,-13.4612753446834,-13.4262442218094,-13.461343633681,-13.4486525535009
5,2,5,4,-13.4592677528998,-13.422175975739,-13.4593442773259,-13.4459024445889
1,3,5,4,-13.4602610070134,-13.4293511927128,-13.4603142216866,-13.4491232500877
2,3,5,4,-13.4626695170974,-13.4296990485101,-13.4627300359656,-13.4507892430433
3,3,5,4,-13.4618804405145,-13.4268493176404,-13.4619487295121,-13.449257649332
4,3,5,4,-13.458593368816,-13.4215015916553,-13.4586698932422,-13.4452280605052
5,3,5,4,-13.459193191885,-13.4200407604375,-13.4592784164046,-13.4450853664457
1,4,5,4,-13.4622901180279,-13.4293196494406,-13.4623506368961,-13.4504098439738
2,4,5,4,-13.4619497256695,-13.4269186027955,-13.4620180146672,-13.449326934487
3,4,5,4,-13.457687063578,-13.4205952864173,-13.4577635880042,-13.4443217552672
4,4,5,4,-13.458135163678,-13.4189827322305,-13.4582203881976,-13.4440273382387
5,4,5,4,-13.460223990468,-13.4190109047338,-13.4603183791131,-13.4453736479003
1,5,5,4,-13.4600580704795,-13.4250269476055,-13.4601263594772,-13.447435279297
2,5,5,4,-13.4593476836702,-13.4222559065095,-13.4594242080964,-13.4459823753593
3,5,5,4,-13.4594155813613,-13.4202631499139,-13.4595008058809,-13.4453077559221
4,5,5,4,-13.4598316266206,-13.4186185408864,-13.4599260152657,-13.4449812840529
5,5,5,4,-13.4569607035151,-13.4136869634942,-13.4570647196862,-13.4413678438191
1,1,1,5,-13.4971287742982,-13.4765222314311,-13.4971524793453,-13.4897036030144
2,1,1,5,-13.4988488766055,-13.4761816794518,-13.4988775465979,-13.4906811881933
3,1,1,5,-13.4971329958658,-13.4724051444253,-13.4971670999347,-13.4882227903252
4,1,1,5,-13.4977851924406,-13.4709966867134,-13.4978251990754,-13.4881324697716
5,1,1,5,-13.4975418095844,-13.4686926495704,-13.4975881866337,-13.487146569787
1,2,1,5,-13.4982827558007,-13.4756155586469,-13.4983114257931,-13.4901150673885
2,2,1,5,-13.5002017769006,-13.4754739254601,-13.5002358809695,-13.49129157136
3,2,1,5,-13.4997260147194,-13.4729375089922,-13.4997660213542,-13.4900732920504
4,2,1,5,-13.4994820628679,-13.470632902854,-13.4995284399173,-13.4890868230706
5,2,1,5,-13.4979233901651,-13.4670135758645,-13.4979766048382,-13.4867856332394
1,3,1,5,-13.4990965090849,-13.4743686576444,-13.4991306131539,-13.4901863035443
2,3,1,5,-13.5001274696134,-13.4733389638862,-13.5001674762483,-13.4904747469444
3,3,1,5,-13.4983477030896,-13.4694985430757,-13.498394080139,-13.4879524632922
4,3,1,5,-13.4961826699931,-13.4652728556925,-13.4962358846663,-13.4850449130674
5,3,1,5,-13.4981134747863,-13.465143006199,-13.4981739936545,-13.4862332007322
1,4,1,5,-13.4975301394213,-13.470741633694,-13.4975701460561,-13.4878774167523
2,4,1,5,-13.4975681876926,-13.4687190276787,-13.497614564742,-13.4871729478953
3,4,1,5,-13.4962802682877,-13.4653704539871,-13.4963334829608,-13.485142511362
4,4,1,5,-13.4977282396211,-13.4647577710338,-13.4977887584893,-13.485847965567
5,4,1,5,-13.4985664132938,-13.4635352904198,-13.4986347022915,-13.4859436221113
1,5,1,5,-13.4980333123418,-13.4691841523279,-13.4980796893912,-13.4876380725445
2,5,1,5,-13.4971034180798,-13.4661936037792,-13.4971566327529,-13.485965661154
3,5,1,5,-13.4985003340717,-13.4655298654843,-13.4985608529398,-13.4866200600176
4,5,1,5,-13.4985274757798,-13.4634963529057,-13.4985957647774,-13.4859046845973
5,5,1,5,-13.4960666555842,-13.4589748784234,-13.4961431800103,-13.4827013472733
1,1,2,5,-13.4830407722104,-13.4603735750566,-13.4830694422028,-13.4748730837982
2,1,2,5,-13.480142053319,-13.4554142018785,-13.4801761573879,-13.4712318477784
3,1,2,5,-13.479396739867,-13.4526082341398,-13.4794367465018,-13.469744017198
4,1,2,5,-13.479548876528,-13.4506997165141,-13.4795952535774,-13.4691536367307
5,1,2,5,-13.4797992963667,-13.448889482066,-13.4798525110398,-13.4686615394409
1,2,2,5,-13.4824010801758,-13.4576732287353,-13.4824351842448,-13.4734908746353
2,2,2,5,-13.4829840782955,-13.4561955725683,-13.4830240849303,-13.4733313556265
3,2,2,5,-13.476576425133,-13.4477272651191,-13.4766228021824,-13.4661811853356
4,2,2,5,-13.4742801835158,-13.4433703692152,-13.4743333981889,-13.4631424265901
5,2,2,5,-13.4763977034501,-13.4434272348628,-13.4764582223183,-13.464517429396
1,3,2,5,-13.4804578197947,-13.4536693140675,-13.4804978264296,-13.4708050971258
2,3,2,5,-13.4772255772686,-13.4483764172547,-13.477271954318,-13.4668303374713
3,3,2,5,-13.4790479401703,-13.4481381258697,-13.4791011548434,-13.4679101832446
4,3,2,5,-13.4742518769618,-13.4412814083745,-13.4743123958299,-13.4623716029077
5,3,2,5,-13.4773331601281,-13.4423020372541,-13.4774014491257,-13.4647103689456
1,4,2,5,-13.4805673512612,-13.4517181912473,-13.4806137283106,-13.4701721114639
2,4,2,5,-13.4745369743488,-13.4436271600481,-13.4745901890219,-13.463399217423
3,4,2,5,-13.4715073354357,-13.4385368668484,-13.4715678543038,-13.4596270613816
4,4,2,5,-13.4794118872877,-13.4443807644137,-13.4794801762853,-13.4667890961052
5,4,2,5,-13.4789873089678,-13.4418955318071,-13.479063833394,-13.4656220006569
1,5,2,5,-13.4786909120243,-13.4477810977236,-13.4787441266974,-13.4675531550985
2,5,2,5,-13.4769270766312,-13.4439566080439,-13.4769875954994,-13.4650468025771
3,5,2,5,-13.4745739369452,-13.4395428140712,-13.4746422259428,-13.4619511457627
4,5,2,5,-13.479719894474,-13.4426281173132,-13.4797964189001,-13.4663545861631
5,5,2,5,-13.4771734283997,-13.4380209969523,-13.4772586529193,-13.4630656029605
1,1,3,5,-13.471050543304,-13.4463226918635,-13.471084647373,-13.4621403377634
2,1,3,5,-13.4683217621634,-13.4415332564362,-13.4683617687982,-13.4586690394944
3,1,3,5,-13.4674270523899,-13.438577892376,-13.4674734294392,-13.4570318125925
4,1,3,5,-13.4683891297413,-13.4374793154407,-13.4684423444145,-13.4572513728156
5,1,3,5,-13.4677443197924,-13.4347738512051,-13.4678048386606,-13.4558640457383
1,2,3,5,-13.4681223513405,-13.4413338456132,-13.4681623579753,-13.4584696286715
2,2,3,5,-13.4665616743286,-13.4377125143147,-13.4666080513779,-13.4561664345312
3,2,3,5,-13.4681692893243,-13.4372594750236,-13.4682225039974,-13.4570315323985
4,2,3,5,-13.4678606037062,-13.4348901351189,-13.4679211225743,-13.4559803296521
5,2,3,5,-13.4671294654228,-13.4320983425488,-13.4671977544205,-13.4545066742403
1,3,3,5,-13.4674103207589,-13.438561160745,-13.4674566978083,-13.4570150809616
2,3,3,5,-13.4689700522881,-13.4380602379875,-13.4690232669613,-13.4578322953624
3,3,3,5,-13.4696405708617,-13.4366701022744,-13.4697010897299,-13.4577602968076
4,3,3,5,-13.4691746902788,-13.4341435674047,-13.4692429792764,-13.4565518990963
5,3,3,5,-13.4672154390112,-13.4301236618505,-13.4672919634374,-13.4538501307003
1,4,3,5,-13.46883600091,-13.4379261866094,-13.4688892155831,-13.4576982439842
2,4,3,5,-13.468241438157,-13.4352709695696,-13.4683019570251,-13.4563611641028
3,4,3,5,-13.4680526608101,-13.4330215379361,-13.4681209498077,-13.4554298696276
4,4,3,5,-13.4672945698434,-13.4302027926827,-13.4673710942695,-13.4539292615325
5,4,3,5,-13.4655968381956,-13.4264444067481,-13.4656820627152,-13.4514890127563
1,5,3,5,-13.4687376803141,-13.4357672117268,-13.4687981991823,-13.45685740626
2,5,3,5,-13.4662348719878,-13.4312037491138,-13.4663031609854,-13.4536120808053
3,5,3,5,-13.466211058053,-13.4291192808922,-13.4662875824791,-13.4528457497421
4,5,3,5,-13.467157894525,-13.4280054630776,-13.4672431190446,-13.4530500690858
5,5,3,5,-13.4633446690901,-13.422131583356,-13.4634390577352,-13.4484943265225
1,1,4,5,-13.460061988177,-13.4332734824498,-13.4601019948119,-13.4504092655081
2,1,4,5,-13.4580658437876,-13.4292166837737,-13.458112220837,-13.4476706039902
3,1,4,5,-13.4584808922061,-13.4275710779055,-13.4585341068793,-13.4473431352804
4,1,4,5,-13.4594899828858,-13.4265195142985,-13.4595505017539,-13.4476097088317
5,1,4,5,-13.4593913810988,-13.4243602582248,-13.4594596700964,-13.4467685899163
1,2,4,5,-13.4584501636022,-13.4296010035883,-13.4584965406516,-13.4480549238049
2,2,4,5,-13.4582830258837,-13.4273732115831,-13.4583362405568,-13.447145268958
3,2,4,5,-13.4581438637984,-13.4251733952111,-13.4582043826666,-13.4462635897443
4,2,4,5,-13.4586033334287,-13.4235722105546,-13.4586716224263,-13.4459805422462
5,2,4,5,-13.4590692446792,-13.4219774675185,-13.4591457691054,-13.4457039363684
1,3,4,5,-13.4629693387327,-13.4320595244321,-13.4630225534058,-13.451831581807
2,3,4,5,-13.4578432738565,-13.4248728052692,-13.4579037927247,-13.4459629998024
3,3,4,5,-13.4625729752206,-13.4275418523465,-13.4626412642182,-13.4499501840381
4,3,4,5,-13.4575816333268,-13.420489856166,-13.4576581577529,-13.4442163250159
5,3,4,5,-13.457308570108,-13.4181561386605,-13.4573937946275,-13.4432007446687
1,4,4,5,-13.4593571207987,-13.4263866522114,-13.4594176396669,-13.4474768467446
2,4,4,5,-13.4552573250179,-13.4202262021438,-13.4553256140155,-13.4426345338354
3,4,4,5,-13.4603668807303,-13.4232751035695,-13.4604434051564,-13.4470015724194
4,4,4,5,-13.46088162083,-13.4217291893826,-13.4609668453496,-13.4467737953908
5,4,4,5,-13.4595889375748,-13.4183758518406,-13.4596833262199,-13.4447385950071
1,5,4,5,-13.4570699978103,-13.4220388749362,-13.4571382868079,-13.4444472066278
2,5,4,5,-13.4530337203669,-13.4159419432061,-13.453110244793,-13.439668412056
3,5,4,5,-13.4567651331093,-13.4176127016618,-13.4568503576289,-13.44265730767
4,5,4,5,-13.459977673157,-13.4187645874228,-13.4600720618021,-13.4451273305894
5,5,4,5,-13.459257504388,-13.4159837643671,-13.4593615205591,-13.443664644692
1,1,5,5,-13.4532669652786,-13.4244178052647,-13.453313342328,-13.4428717254813
2,1,5,5,-13.4500116653708,-13.4191018510702,-13.4500648800439,-13.438873908445
3,1,5,5,-13.4507367016789,-13.4177662330915,-13.450797220547,-13.4388564276247
4,1,5,5,-13.4505085845585,-13.4154774616845,-13.4505768735561,-13.437885793376
5,1,5,5,-13.4517361804975,-13.4146444033368,-13.4518127049237,-13.4383708721867
1,2,5,5,-13.4504157067249,-13.4195058924242,-13.450468921398,-13.4392779497991
2,2,5,5,-13.4500884073269,-13.4171179387396,-13.450148926195,-13.4382081332728
3,2,5,5,-13.4508743344853,-13.4158432116113,-13.4509426234829,-13.4382515433028
4,2,5,5,-13.4505570945399,-13.4134653173792,-13.4506336189661,-13.437191786229
5,2,5,5,-13.4524328648972,-13.4132804334498,-13.4525180894168,-13.438325039458
1,3,5,5,-13.4513637469473,-13.41839327836,-13.4514242658155,-13.4394834728932
2,3,5,5,-13.4505438789837,-13.4155127561097,-13.4506121679814,-13.4379210878012
3,3,5,5,-13.4538629506948,-13.416771173534,-13.4539394751209,-13.4404976423839
4,3,5,5,-13.450390484827,-13.4112380533795,-13.4504757093466,-13.4362826593877
5,3,5,5,-13.4509577578261,-13.409744672092,-13.4510521464712,-13.4361074152585
1,4,5,5,-13.4530407652077,-13.4180096423336,-13.4531090542053,-13.4404179740252
2,4,5,5,-13.4501222368279,-13.4130304596672,-13.4501987612541,-13.436756928517
3,4,5,5,-13.4504838204834,-13.411331389036,-13.450569045003,-13.4363759950442
4,4,5,5,-13.4531443770324,-13.4119312912983,-13.4532387656775,-13.4382940344648
5,4,5,5,-13.4529044644074,-13.4096307243865,-13.4530084805785,-13.4373116047114
1,5,5,5,-13.4517638638815,-13.4146720867208,-13.4518403883077,-13.4383985555706
2,5,5,5,-13.4490155785997,-13.4098631471523,-13.4491008031193,-13.4349077531605
3,5,5,5,-13.4516716474356,-13.4104585617014,-13.4517660360807,-13.436821304868
4,5,5,5,-13.4527521673246,-13.4094784273037,-13.4528561834957,-13.4371593076285
5,5,5,5,-13.4490527647744,-13.4037183704668,-13.4491668712417,-13.43271738795
